,biographyUrl,canton,cantonName,council,faction,factionName,firstName,function,homepage,id,lastName,number,party,partyName,pictureUrl,updated
0,http://www.parlament.ch/f/suche/Pages/biografie.aspx?biografie_id=801,TI,Tessin,S,RL,Groupe libéral-radical,Fabio,Membre,,801,Abate,2565,PLR,PLR.Les Libéraux-Radicaux,http://www.parlament.ch/SiteCollectionImages/profil/225x225/2565.jpg,2015-11-20T16:06:42Z
1,http://www.parlament.ch/f/suche/Pages/biografie.aspx?biografie_id=4154,VS,Valais,N,V,Groupe de l'Union démocratique du Centre,Jean-Luc,Membre,,4154,Addor,3055,UDC,Union Démocratique du Centre,http://www.parlament.ch/SiteCollectionImages/profil/225x225/3055.jpg,2017-03-22T14:59:30Z
2,http://www.parlament.ch/f/suche/Pages/biografie.aspx?biografie_id=3867,BE,Berne,N,V,Groupe de l'Union démocratique du Centre,Andreas,Membre,www.aebi-andreas.ch,3867,Aebi,2670,UDC,Union Démocratique du Centre,http://www.parlament.ch/SiteCollectionImages/profil/225x225/2670.jpg,2018-01-16T09:29:48Z
3,http://www.parlament.ch/f/suche/Pages/biografie.aspx?biografie_id=4049,BE,Berne,N,S,Groupe socialiste,Matthias,Membre,www.matthiasaebischer.ch,4049,Aebischer,2760,PSS,Parti socialiste suisse,http://www.parlament.ch/SiteCollectionImages/profil/225x225/2760.jpg,2018-07-13T08:31:16Z
4,http://www.parlament.ch/f/suche/Pages/biografie.aspx?biografie_id=4053,ZG,Zoug,N,V,Groupe de l'Union démocratique du Centre,Thomas,Président(e),www.aeschi.com,4053,Aeschi,2758,UDC,Union Démocratique du Centre,http://www.parlament.ch/SiteCollectionImages/profil/225x225/2758.jpg,2019-06-13T07:19:40Z
5,http://www.parlament.ch/f/suche/Pages/biografie.aspx?biografie_id=4090,GE,Genève,N,V,Groupe de l'Union démocratique du Centre,Céline,Membre,,4090,Amaudruz,2796,UDC,Union Démocratique du Centre,http://www.parlament.ch/SiteCollectionImages/profil/225x225/2796.jpg,2016-05-02T13:41:49Z
6,http://www.parlament.ch/f/suche/Pages/biografie.aspx?biografie_id=4180,SG,St-Gall,N,C,Groupe PDC,Thomas,Membre,www.th-ammann.ch,4180,Ammann,3056,PDC,Parti démocrate-chrétien suisse,http://www.parlament.ch/SiteCollectionImages/profil/225x225/3056.jpg,2019-06-07T08:57:49Z
7,http://www.parlament.ch/f/suche/Pages/biografie.aspx?biografie_id=1135,BE,Berne,N,V,Groupe de l'Union démocratique du Centre,Adrian,Membre,www.adrian-amstutz.ch,1135,Amstutz,2584,UDC,Union Démocratique du Centre,http://www.parlament.ch/SiteCollectionImages/profil/225x225/2584.jpg,2017-12-18T11:02:35Z
8,http://www.parlament.ch/f/suche/Pages/biografie.aspx?biografie_id=4155,UR,Uri,N,V,Groupe de l'Union démocratique du Centre,Beat,Membre,,4155,Arnold,3057,UDC,Union Démocratique du Centre,http://www.parlament.ch/SiteCollectionImages/profil/225x225/3057.jpg,2018-02-20T08:53:27Z
9,http://www.parlament.ch/f/suche/Pages/biografie.aspx?biografie_id=4184,BS,Bâle-Ville,N,G,Groupe des Verts,Sibel,Membre,www.sibel-arslan.ch,4184,Arslan,3058,BastA,Grüne (Basels starke Alternative),http://www.parlament.ch/SiteCollectionImages/profil/225x225/3058.jpg,2016-09-15T10:46:50Z
10,http://www.parlament.ch/f/suche/Pages/biografie.aspx?biografie_id=4058,ZH,Zurich,N,S,Groupe socialiste,Jacqueline,Membre,www.badran.ch,4058,Badran,2762,PSS,Parti socialiste suisse,http://www.parlament.ch/SiteCollectionImages/profil/225x225/2762.jpg,2015-10-27T10:01:24Z
11,http://www.parlament.ch/f/suche/Pages/biografie.aspx?biografie_id=4138,GE,Genève,N,C,Groupe PDC,Guillaume,Membre,www.barazzone.ch,4138,Barazzone,3040,PDC,Parti démocrate-chrétien suisse,http://www.parlament.ch/SiteCollectionImages/profil/225x225/3040.jpg,2017-12-14T12:10:41Z
12,http://www.parlament.ch/f/suche/Pages/biografie.aspx?biografie_id=4203,ZH,Zurich,N,S,Groupe socialiste,Angelo,Membre,www.barrile.ch,4203,Barrile,3104,PSS,Parti socialiste suisse,http://www.parlament.ch/SiteCollectionImages/profil/225x225/3104.jpg,2018-06-01T09:32:52Z
13,http://www.parlament.ch/f/suche/Pages/biografie.aspx?biografie_id=4187,NE,Neuchâtel,N,RL,Groupe libéral-radical,Philippe,Membre,www.avocatsneuchatel.ch,4187,Bauer,3059,PLR,PLR.Les Libéraux-Radicaux,http://www.parlament.ch/SiteCollectionImages/profil/225x225/3059.jpg,2015-11-06T14:14:26Z
14,http://www.parlament.ch/f/suche/Pages/biografie.aspx?biografie_id=4088,UR,Uri,S,C,Groupe PDC,Isidor,Membre,,4088,Baumann,2793,PDC,Parti démocrate-chrétien suisse,http://www.parlament.ch/SiteCollectionImages/profil/225x225/2793.jpg,2017-03-29T10:12:39Z
15,http://www.parlament.ch/f/suche/Pages/biografie.aspx?biografie_id=1138,ZH,Zurich,N,GL,Groupe vert'libéral,Martin,Membre,martin-baeumle.ch,1138,Bäumle,2585,pvl,Parti vert'libéral,http://www.parlament.ch/SiteCollectionImages/profil/225x225/2585.jpg,2015-11-03T14:06:58Z
16,http://www.parlament.ch/f/suche/Pages/biografie.aspx?biografie_id=4182,VD,Vaud,N,C,Groupe PDC,Claude,Membre,www.begle.ch,4182,Béglé,3060,PDC,Parti démocrate-chrétien suisse,http://www.parlament.ch/SiteCollectionImages/profil/225x225/3060.jpg,2018-06-04T10:34:13Z
17,http://www.parlament.ch/f/suche/Pages/biografie.aspx?biografie_id=4213,VD,Vaud,N,S,Groupe socialiste,Samuel,Membre,,4213,Bendahan,3114,PSS,Parti socialiste suisse,http://www.parlament.ch/SiteCollectionImages/profil/225x225/3114.jpg,2017-06-08T11:24:56Z
18,http://www.parlament.ch/f/suche/Pages/biografie.aspx?biografie_id=305,NE,Neuchâtel,S,S,Groupe socialiste,Didier,Membre,www.dberberat.ch,305,Berberat,2370,PSS,Parti socialiste suisse,http://www.parlament.ch/SiteCollectionImages/profil/225x225/2370.jpg,2015-11-11T09:31:36Z
19,http://www.parlament.ch/f/suche/Pages/biografie.aspx?biografie_id=4102,BE,Berne,N,GL,Groupe vert'libéral,Kathrin,Membre,www.kathrinbertschy.ch,4102,Bertschy,3016,pvl,Parti vert'libéral,http://www.parlament.ch/SiteCollectionImages/profil/225x225/3016.jpg,2019-01-09T08:20:39Z
20,http://www.parlament.ch/f/suche/Pages/biografie.aspx?biografie_id=4209,ZH,Zurich,N,RL,Groupe libéral-radical,Hans-Ulrich,Membre,,4209,Bigler,3110,PLR,PLR.Les Libéraux-Radicaux,http://www.parlament.ch/SiteCollectionImages/profil/225x225/3110.jpg,2015-11-30T12:04:33Z
21,http://www.parlament.ch/f/suche/Pages/biografie.aspx?biografie_id=4030,LU,Lucerne,N,S,Groupe socialiste,Prisca,Membre,www.priscabirrer-heimo.ch,4030,Birrer-Heimo,2743,PSS,Parti socialiste suisse,http://www.parlament.ch/SiteCollectionImages/profil/225x225/2743.jpg,2015-05-17T21:18:19Z
22,http://www.parlament.ch/f/suche/Pages/biografie.aspx?biografie_id=3871,SO,Soleure,S,C,Groupe PDC,Pirmin,Membre,www.pirmin-bischof.ch,3871,Bischof,2674,PDC,Parti démocrate-chrétien suisse,http://www.parlament.ch/SiteCollectionImages/profil/225x225/2674.jpg,2016-04-05T11:11:28Z
23,http://www.parlament.ch/f/suche/Pages/biografie.aspx?biografie_id=4188,VD,Vaud,N,RL,Groupe libéral-radical,Frédéric,Membre,frederic-borloz.ch,4188,Borloz,3061,PLR,PLR.Les Libéraux-Radicaux,http://www.parlament.ch/SiteCollectionImages/profil/225x225/3061.jpg,2018-01-10T16:46:25Z
24,http://www.parlament.ch/f/suche/Pages/biografie.aspx?biografie_id=3872,FR,Fribourg,N,RL,Groupe libéral-radical,Jacques,Membre,www.bourgeois.ch,3872,Bourgeois,2675,PLR,PLR.Les Libéraux-Radicaux,http://www.parlament.ch/SiteCollectionImages/profil/225x225/2675.jpg,2015-11-12T14:55:03Z
25,http://www.parlament.ch/f/suche/Pages/biografie.aspx?biografie_id=4067,GR,Grisons,N,V,Groupe de l'Union démocratique du Centre,Heinz,Membre,www.heinz-brand.ch,4067,Brand,2772,UDC,Union Démocratique du Centre,http://www.parlament.ch/SiteCollectionImages/profil/225x225/2772.jpg,2017-04-03T09:27:47Z
26,http://www.parlament.ch/f/suche/Pages/biografie.aspx?biografie_id=4230,VS,Valais,N,C,Groupe PDC,Philipp Matthias,Membre,www.pm-bregy.ch,4230,Bregy,3131,CVPO,Christlichdemokratische Volkspartei Oberwallis,http://www.parlament.ch/SiteCollectionImages/profil/225x225/3131.jpg,2019-02-04T10:17:11Z
27,http://www.parlament.ch/f/suche/Pages/biografie.aspx?biografie_id=724,VD,Vaud,N,G,Groupe des Verts,Daniel,Membre,,724,Brélaz,2023,PES,Parti écologiste suisse,http://www.parlament.ch/SiteCollectionImages/profil/225x225/2023.jpg,2015-11-06T17:42:14Z
28,http://www.parlament.ch/f/suche/Pages/biografie.aspx?biografie_id=823,AG,Argovie,S,S,Groupe socialiste,Pascale,Membre,www.pascale-bruderer.ch,823,Bruderer Wyss,2573,PSS,Parti socialiste suisse,http://www.parlament.ch/SiteCollectionImages/profil/225x225/2573.jpg,2015-11-11T08:15:10Z
29,http://www.parlament.ch/f/suche/Pages/biografie.aspx?biografie_id=4215,TG,Thurgovie,N,RL,Groupe libéral-radical,Hansjörg,Membre,www.hansjoerg-brunner.ch,4215,Brunner,3116,PLR,PLR.Les Libéraux-Radicaux,http://www.parlament.ch/SiteCollectionImages/profil/225x225/3116.jpg,2017-10-16T10:18:53Z
30,http://www.parlament.ch/f/suche/Pages/biografie.aspx?biografie_id=4025,SG,St-Gall,N,V,Groupe de l'Union démocratique du Centre,Roland Rino,Membre,www.rolandbuechel.ch,4025,Büchel,2740,UDC,Union Démocratique du Centre,http://www.parlament.ch/SiteCollectionImages/profil/225x225/2740.jpg,2019-05-20T16:40:11Z
31,http://www.parlament.ch/f/suche/Pages/biografie.aspx?biografie_id=4156,VD,Vaud,N,V,Groupe de l'Union démocratique du Centre,Michaël,Membre,,4156,Buffat,3062,UDC,Union Démocratique du Centre,http://www.parlament.ch/SiteCollectionImages/profil/225x225/3062.jpg,2018-01-10T16:45:59Z
32,http://www.parlament.ch/f/suche/Pages/biografie.aspx?biografie_id=4157,BE,Berne,N,V,Groupe de l'Union démocratique du Centre,Manfred,Membre,www.manfredbuehler.ch,4157,Bühler,3063,UDC,Union Démocratique du Centre,http://www.parlament.ch/SiteCollectionImages/profil/225x225/3063.jpg,2016-02-10T14:04:56Z
33,http://www.parlament.ch/f/suche/Pages/biografie.aspx?biografie_id=4101,FR,Fribourg,N,C,Groupe PDC,Christine,Membre,www.christine-bulliard.ch,4101,Bulliard-Marbach,3017,PDC,Parti démocrate-chrétien suisse,http://www.parlament.ch/SiteCollectionImages/profil/225x225/3017.jpg,2015-11-11T08:36:23Z
34,http://www.parlament.ch/f/suche/Pages/biografie.aspx?biografie_id=4158,AG,Argovie,N,V,Groupe de l'Union démocratique du Centre,Thomas,Membre,www.thomasburgherr.ch,4158,Burgherr,3064,UDC,Union Démocratique du Centre,http://www.parlament.ch/SiteCollectionImages/profil/225x225/3064.jpg,2018-01-10T16:52:13Z
35,http://www.parlament.ch/f/suche/Pages/biografie.aspx?biografie_id=4189,AG,Argovie,N,RL,Groupe libéral-radical,Thierry,Membre,www.thierry-burkart.ch,4189,Burkart,3065,PLR,PLR.Les Libéraux-Radicaux,http://www.parlament.ch/SiteCollectionImages/profil/225x225/3065.jpg,2018-01-10T16:51:56Z
36,http://www.parlament.ch/f/suche/Pages/biografie.aspx?biografie_id=4200,GR,Grisons,N,BD,Groupe BD,Duri,Membre,www.duri-campell.ch,4200,Campell,3066,PBD,Parti bourgeois-démocratique suisse,http://www.parlament.ch/SiteCollectionImages/profil/225x225/3066.jpg,2017-08-28T15:09:14Z
37,http://www.parlament.ch/f/suche/Pages/biografie.aspx?biografie_id=4070,GR,Grisons,N,C,Groupe PDC,Martin,Membre,www.martincandinas.ch,4070,Candinas,2770,PDC,Parti démocrate-chrétien suisse,http://www.parlament.ch/SiteCollectionImages/profil/225x225/2770.jpg,2016-11-21T10:16:33Z
38,http://www.parlament.ch/f/suche/Pages/biografie.aspx?biografie_id=3830,TI,Tessin,N,S,Groupe socialiste,Marina,Membre,www.marinacarobbio.ch,3830,Carobbio Guscetti,2666,PSS,Parti socialiste suisse,http://www.parlament.ch/SiteCollectionImages/profil/225x225/2666.jpg,2018-11-14T14:57:51Z
39,http://www.parlament.ch/f/suche/Pages/biografie.aspx?biografie_id=4075,AR,Appenzell Rh.-Ext.,S,RL,Groupe libéral-radical,Andrea,Membre,www.andrea-caroni.ch,4075,Caroni,2775,PLR,PLR.Les Libéraux-Radicaux,http://www.parlament.ch/SiteCollectionImages/profil/225x225/2775.jpg,2019-03-22T15:01:53Z
40,http://www.parlament.ch/f/suche/Pages/biografie.aspx?biografie_id=4217,TI,Tessin,N,RL,Groupe libéral-radical,Rocco,Membre,www.roccocattaneo.ch,4217,Cattaneo,3118,PLR,PLR.Les Libéraux-Radicaux,http://www.parlament.ch/SiteCollectionImages/profil/225x225/3118.jpg,2018-01-10T16:50:55Z
41,http://www.parlament.ch/f/suche/Pages/biografie.aspx?biografie_id=4108,VD,Vaud,N,GL,Groupe vert'libéral,Isabelle,Membre,www.isabellechevalley.ch,4108,Chevalley,3604,pvl,Parti vert'libéral,http://www.parlament.ch/SiteCollectionImages/profil/225x225/3604.jpg,2016-05-11T09:17:22Z
42,http://www.parlament.ch/f/suche/Pages/biografie.aspx?biografie_id=4159,TI,Tessin,N,V,Groupe de l'Union démocratique du Centre,Marco,Membre,www.marcochiesa.ch,4159,Chiesa,3067,UDC,Union Démocratique du Centre,http://www.parlament.ch/SiteCollectionImages/profil/225x225/3067.jpg,2018-10-04T09:06:32Z
43,http://www.parlament.ch/f/suche/Pages/biografie.aspx?biografie_id=4135,NE,Neuchâtel,N,V,Groupe de l'Union démocratique du Centre,Raymond,Membre,,4135,Clottu,3037,-,sans parti,http://www.parlament.ch/SiteCollectionImages/profil/225x225/3037.jpg,2015-11-10T14:47:10Z
44,http://www.parlament.ch/f/suche/Pages/biografie.aspx?biografie_id=4026,NE,Neuchâtel,S,RL,Groupe libéral-radical,Raphaël,Membre,,4026,Comte,2741,PLR,PLR.Les Libéraux-Radicaux,http://www.parlament.ch/SiteCollectionImages/profil/225x225/2741.jpg,2018-02-21T09:13:51Z
45,http://www.parlament.ch/f/suche/Pages/biografie.aspx?biografie_id=3914,GE,Genève,S,G,Groupe des Verts,Robert,Membre,www.robertcramer.ch,3914,Cramer,2717,PES,Parti écologiste suisse,http://www.parlament.ch/SiteCollectionImages/profil/225x225/2717.jpg,2015-12-03T17:17:37Z
46,http://www.parlament.ch/f/suche/Pages/biografie.aspx?biografie_id=4219,VD,Vaud,N,S,Groupe socialiste,Brigitte,Membre,,4219,Crottaz,3120,PSS,Parti socialiste suisse,http://www.parlament.ch/SiteCollectionImages/profil/225x225/3120.jpg,2018-02-07T12:35:20Z
47,http://www.parlament.ch/f/suche/Pages/biografie.aspx?biografie_id=1124,FR,Fribourg,N,C,Groupe PDC,Dominique,Membre,www.debuman.ch,1124,de Buman,2593,PDC,Parti démocrate-chrétien suisse,http://www.parlament.ch/SiteCollectionImages/profil/225x225/2593.jpg,2018-01-10T16:54:42Z
48,http://www.parlament.ch/f/suche/Pages/biografie.aspx?biografie_id=4051,BL,Bâle-Campagne,N,V,Groupe de l'Union démocratique du Centre,Thomas,Membre,www.decourten.info,4051,de Courten,2757,UDC,Union Démocratique du Centre,http://www.parlament.ch/SiteCollectionImages/profil/225x225/2757.jpg,2019-06-05T09:43:26Z
49,http://www.parlament.ch/f/suche/Pages/biografie.aspx?biografie_id=4201,NE,Neuchâtel,N,G,Groupe des Verts,Denis,Membre,www.lelocle.ch,4201,de la Reussille,3068,PdT,Parti Suisse du travail,http://www.parlament.ch/SiteCollectionImages/profil/225x225/3068.jpg,2018-01-10T16:43:45Z
50,http://www.parlament.ch/f/suche/Pages/biografie.aspx?biografie_id=4079,VD,Vaud,N,RL,Groupe libéral-radical,Fathi,Membre,,4079,Derder,2788,PLR,PLR.Les Libéraux-Radicaux,http://www.parlament.ch/SiteCollectionImages/profil/225x225/2788.jpg,2016-09-01T13:32:09Z
51,http://www.parlament.ch/f/suche/Pages/biografie.aspx?biografie_id=4160,SZ,Schwyz,N,V,Groupe de l'Union démocratique du Centre,Marcel,Membre,,4160,Dettling,3069,UDC,Union Démocratique du Centre,http://www.parlament.ch/SiteCollectionImages/profil/225x225/3069.jpg,2016-11-15T14:16:50Z
52,http://www.parlament.ch/f/suche/Pages/biografie.aspx?biografie_id=4151,UR,Uri,S,RL,Groupe libéral-radical,Josef,Membre,,4151,Dittli,3052,PLR,PLR.Les Libéraux-Radicaux,http://www.parlament.ch/SiteCollectionImages/profil/225x225/3052.jpg,2017-03-22T14:58:22Z
53,http://www.parlament.ch/f/suche/Pages/biografie.aspx?biografie_id=4190,SG,St-Gall,N,RL,Groupe libéral-radical,Marcel,Membre,www.marcel-dobler.ch,4190,Dobler,3070,PLR,PLR.Les Libéraux-Radicaux,http://www.parlament.ch/SiteCollectionImages/profil/225x225/3070.jpg,2019-02-11T08:59:49Z
54,http://www.parlament.ch/f/suche/Pages/biografie.aspx?biografie_id=4068,TG,Thurgovie,S,V,Groupe de l'Union démocratique du Centre,Roland,Membre,www.roland-eberle.ch,4068,Eberle,2774,UDC,Union Démocratique du Centre,http://www.parlament.ch/SiteCollectionImages/profil/225x225/2774.jpg,2015-05-17T21:18:19Z
55,http://www.parlament.ch/f/suche/Pages/biografie.aspx?biografie_id=4064,ZG,Zoug,S,RL,Groupe libéral-radical,Joachim,Membre,www.jeder.ch,4064,Eder,2780,PLR,PLR.Les Libéraux-Radicaux,http://www.parlament.ch/SiteCollectionImages/profil/225x225/2780.jpg,2016-11-09T13:04:34Z
56,http://www.parlament.ch/f/suche/Pages/biografie.aspx?biografie_id=4229,SG,St-Gall,N,V,Groupe de l'Union démocratique du Centre,Mike,Membre,www.mike-egger.ch,4229,Egger,3130,UDC,Union Démocratique du Centre,http://www.parlament.ch/SiteCollectionImages/profil/225x225/3130.jpg,2019-02-07T13:56:27Z
57,http://www.parlament.ch/f/suche/Pages/biografie.aspx?biografie_id=4212,VS,Valais,N,C,Groupe PDC,Thomas,Membre,www.thomasegger.ch,4212,Egger,3113,CSPO,Christlichsoziale Volkspartei Oberwallis,http://www.parlament.ch/SiteCollectionImages/profil/225x225/3113.jpg,2017-11-20T09:26:42Z
58,http://www.parlament.ch/f/suche/Pages/biografie.aspx?biografie_id=4110,ZH,Zurich,N,V,Groupe de l'Union démocratique du Centre,Hans,Membre,www.hans-egloff.ch,4110,Egloff,3005,UDC,Union Démocratique du Centre,http://www.parlament.ch/SiteCollectionImages/profil/225x225/3005.jpg,2015-06-16T15:21:46Z
59,http://www.parlament.ch/f/suche/Pages/biografie.aspx?biografie_id=3875,AG,Argovie,N,RL,Groupe libéral-radical,Corina,Membre,www.corinaeichenberger.ch,3875,Eichenberger-Walther,2678,PLR,PLR.Les Libéraux-Radicaux,http://www.parlament.ch/SiteCollectionImages/profil/225x225/2678.jpg,2018-10-09T15:05:45Z
60,http://www.parlament.ch/f/suche/Pages/biografie.aspx?biografie_id=4055,GR,Grisons,S,C,Groupe PDC,Stefan,Membre,www.stefanengler.ch,4055,Engler,2768,PDC,Parti démocrate-chrétien suisse,http://www.parlament.ch/SiteCollectionImages/profil/225x225/2768.jpg,2016-02-02T09:45:41Z
61,http://www.parlament.ch/f/suche/Pages/biografie.aspx?biografie_id=3876,LU,Lucerne,N,V,Groupe de l'Union démocratique du Centre,Yvette,Membre,www.estermann-aktuell.ch,3876,Estermann,2679,UDC,Union Démocratique du Centre,http://www.parlament.ch/SiteCollectionImages/profil/225x225/2679.jpg,2018-01-16T10:38:57Z
62,http://www.parlament.ch/f/suche/Pages/biografie.aspx?biografie_id=4206,OW,Obwald,S,C,Groupe PDC,Erich,Membre,www.erich-ettlin.ch,4206,Ettlin,3107,PDC,Parti démocrate-chrétien suisse,http://www.parlament.ch/SiteCollectionImages/profil/225x225/3107.jpg,2015-11-25T14:56:45Z
63,http://www.parlament.ch/f/suche/Pages/biografie.aspx?biografie_id=74,BS,Bâle-Ville,N,RL,Groupe libéral-radical,Christoph,Membre,,74,Eymann,2287,PLD,Parti libéral démocrate,http://www.parlament.ch/SiteCollectionImages/profil/225x225/2287.jpg,2018-01-10T16:53:09Z
64,http://www.parlament.ch/f/suche/Pages/biografie.aspx?biografie_id=4056,AI,Appenzell Rh.-Int.,S,C,Groupe PDC,Daniel,Membre,,4056,Fässler,2767,PDC,Parti démocrate-chrétien suisse,http://www.parlament.ch/SiteCollectionImages/profil/225x225/2767.jpg,2019-05-01T10:12:23Z
65,http://www.parlament.ch/f/suche/Pages/biografie.aspx?biografie_id=4195,GE,Genève,N,S,Groupe socialiste,Laurence,Membre,www.fehlmann-rielle.info,4195,Fehlmann Rielle,3071,PSS,Parti socialiste suisse,http://www.parlament.ch/SiteCollectionImages/profil/225x225/3071.jpg,2016-11-21T10:02:48Z
66,http://www.parlament.ch/f/suche/Pages/biografie.aspx?biografie_id=4077,VD,Vaud,N,RL,Groupe libéral-radical,Olivier,Membre,www.olivierfeller.ch,4077,Feller,2789,PLR,PLR.Les Libéraux-Radicaux,http://www.parlament.ch/SiteCollectionImages/profil/225x225/2789.jpg,2015-06-16T15:23:26Z
67,http://www.parlament.ch/f/suche/Pages/biografie.aspx?biografie_id=4069,AG,Argovie,N,S,Groupe socialiste,Yvonne,Membre,www.yvonneferi.ch,4069,Feri,2777,PSS,Parti socialiste suisse,http://www.parlament.ch/SiteCollectionImages/profil/225x225/2777.jpg,2016-11-24T11:12:29Z
68,http://www.parlament.ch/f/suche/Pages/biografie.aspx?biografie_id=466,BS,Bâle-Ville,S,S,Groupe socialiste,Anita,Membre,www.fetz.ch,466,Fetz,2061,PSS,Parti socialiste suisse,http://www.parlament.ch/SiteCollectionImages/profil/225x225/2061.jpg,2017-12-20T08:49:46Z
69,http://www.parlament.ch/f/suche/Pages/biografie.aspx?biografie_id=3877,ZH,Zurich,N,RL,Groupe libéral-radical,Doris,Membre,www.fiala.ch,3877,Fiala,2680,PLR,PLR.Les Libéraux-Radicaux,http://www.parlament.ch/SiteCollectionImages/profil/225x225/2680.jpg,2018-09-20T11:21:08Z
70,http://www.parlament.ch/f/suche/Pages/biografie.aspx?biografie_id=4059,AG,Argovie,N,GL,Groupe vert'libéral,Beat,Membre,www.beatflach.ch,4059,Flach,2765,pvl,Parti vert'libéral,http://www.parlament.ch/SiteCollectionImages/profil/225x225/2765.jpg,2018-03-15T09:37:22Z
71,http://www.parlament.ch/f/suche/Pages/biografie.aspx?biografie_id=3878,AG,Argovie,N,V,Groupe de l'Union démocratique du Centre,Sylvia,Membre,www.politikerin.ch,3878,Flückiger-Bäni,2681,UDC,Union Démocratique du Centre,http://www.parlament.ch/SiteCollectionImages/profil/225x225/2681.jpg,2016-11-21T10:23:35Z
72,http://www.parlament.ch/f/suche/Pages/biografie.aspx?biografie_id=1122,SO,Soleure,N,RL,Groupe libéral-radical,Kurt,Membre,www.kurt-fluri.ch,1122,Fluri,2594,PLR,PLR.Les Libéraux-Radicaux,http://www.parlament.ch/SiteCollectionImages/profil/225x225/2594.jpg,2019-04-03T14:43:50Z
73,http://www.parlament.ch/f/suche/Pages/biografie.aspx?biografie_id=321,SZ,Schwyz,S,V,Groupe de l'Union démocratique du Centre,Peter,Membre,www.peter-foehn.ch,321,Föhn,2385,UDC,Union Démocratique du Centre,http://www.parlament.ch/SiteCollectionImages/profil/225x225/2385.jpg,2015-05-17T21:18:19Z
74,http://www.parlament.ch/f/suche/Pages/biografie.aspx?biografie_id=3915,VS,Valais,S,C,Groupe PDC,Jean-René,Membre,www.jrfournier.ch,3915,Fournier,2718,PDC,Parti démocrate-chrétien suisse,http://www.parlament.ch/SiteCollectionImages/profil/225x225/2718.jpg,2018-01-10T16:41:34Z
75,http://www.parlament.ch/f/suche/Pages/biografie.aspx?biografie_id=3879,VD,Vaud,S,RL,Groupe libéral-radical,Olivier,Membre,www.olivier-francais.ch,3879,Français,2682,PLR,PLR.Les Libéraux-Radicaux,http://www.parlament.ch/SiteCollectionImages/profil/225x225/2682.jpg,2018-02-13T10:52:28Z
76,http://www.parlament.ch/f/suche/Pages/biografie.aspx?biografie_id=4042,BS,Bâle-Ville,N,V,Groupe de l'Union démocratique du Centre,Sebastian,Membre,www.sebastian-frehner.ch,4042,Frehner,2750,UDC,Union Démocratique du Centre,http://www.parlament.ch/SiteCollectionImages/profil/225x225/2750.jpg,2019-02-11T08:59:39Z
77,http://www.parlament.ch/f/suche/Pages/biografie.aspx?biografie_id=4227,ZH,Zurich,N,GL,Groupe vert'libéral,Daniel,Membre,www.daniel-frei.ch,4227,Frei,3128,pvl,Parti vert'libéral,http://www.parlament.ch/SiteCollectionImages/profil/225x225/3128.jpg,2019-03-06T08:32:38Z
78,http://www.parlament.ch/f/suche/Pages/biografie.aspx?biografie_id=4074,JU,Jura,N,S,Groupe socialiste,Pierre-Alain,Membre,,4074,Fridez,2778,PSS,Parti socialiste suisse,http://www.parlament.ch/SiteCollectionImages/profil/225x225/2778.jpg,2016-02-02T10:36:06Z
79,http://www.parlament.ch/f/suche/Pages/biografie.aspx?biografie_id=4131,SG,St-Gall,N,S,Groupe socialiste,Claudia,Membre,www.claudia-friedl.ch,4131,Friedl,3035,PSS,Parti socialiste suisse,http://www.parlament.ch/SiteCollectionImages/profil/225x225/3035.jpg,2015-11-12T09:05:09Z
80,http://www.parlament.ch/f/suche/Pages/biografie.aspx?biografie_id=3880,BE,Berne,N,V,Groupe de l'Union démocratique du Centre,Andrea Martina,Membre,www.andreageissbühler.ch,3880,Geissbühler,2683,UDC,Union Démocratique du Centre,http://www.parlament.ch/SiteCollectionImages/profil/225x225/2683.jpg,2018-09-19T08:00:24Z
81,http://www.parlament.ch/f/suche/Pages/biografie.aspx?biografie_id=4191,GE,Genève,N,RL,Groupe libéral-radical,Benoît,Membre,,4191,Genecand,3073,PLR,PLR.Les Libéraux-Radicaux,http://www.parlament.ch/SiteCollectionImages/profil/225x225/3073.jpg,2015-11-06T17:43:13Z
82,http://www.parlament.ch/f/suche/Pages/biografie.aspx?biografie_id=825,SH,Schaffhouse,S,V,Groupe de l'Union démocratique du Centre,Hannes,Membre,www.hannesgermann.ch,825,Germann,2575,UDC,Union Démocratique du Centre,http://www.parlament.ch/SiteCollectionImages/profil/225x225/2575.jpg,2019-01-08T09:13:48Z
83,http://www.parlament.ch/f/suche/Pages/biografie.aspx?biografie_id=91,AG,Argovie,N,V,Groupe de l'Union démocratique du Centre,Ulrich,Membre,www.giezi-rothrist.ch,91,Giezendanner,2292,UDC,Union Démocratique du Centre,http://www.parlament.ch/SiteCollectionImages/profil/225x225/2292.jpg,2018-01-16T14:50:10Z
84,http://www.parlament.ch/f/suche/Pages/biografie.aspx?biografie_id=3882,ZH,Zurich,N,G,Groupe des Verts,Bastien,Membre,www.bastiengirod.ch,3882,Girod,2685,PES,Parti écologiste suisse,http://www.parlament.ch/SiteCollectionImages/profil/225x225/2685.jpg,2018-06-08T08:45:13Z
85,http://www.parlament.ch/f/suche/Pages/biografie.aspx?biografie_id=1337,LU,Lucerne,N,C,Groupe PDC,Ida,Membre,www.ida-glanzmann.ch,1337,Glanzmann-Hunkeler,2657,PDC,Parti démocrate-chrétien suisse,http://www.parlament.ch/SiteCollectionImages/profil/225x225/2657.jpg,2018-02-21T08:49:27Z
86,http://www.parlament.ch/f/suche/Pages/biografie.aspx?biografie_id=4161,AG,Argovie,N,V,Groupe de l'Union démocratique du Centre,Andreas,Membre,www.andreas-glarner.ch,4161,Glarner,3074,UDC,Union Démocratique du Centre,http://www.parlament.ch/SiteCollectionImages/profil/225x225/3074.jpg,2019-01-14T13:31:08Z
87,http://www.parlament.ch/f/suche/Pages/biografie.aspx?biografie_id=4093,ZH,Zurich,N,G,Groupe des Verts,Balthasar,Président(e),www.balthasar-glaettli.ch,4093,Glättli,3003,PES,Parti écologiste suisse,http://www.parlament.ch/SiteCollectionImages/profil/225x225/3003.jpg,2019-04-11T11:13:48Z
88,http://www.parlament.ch/f/suche/Pages/biografie.aspx?biografie_id=3883,VD,Vaud,N,V,Groupe de l'Union démocratique du Centre,Alice,Membre,www.aliceglauser.ch,3883,Glauser-Zufferey,2686,UDC,Union Démocratique du Centre,http://www.parlament.ch/SiteCollectionImages/profil/225x225/2686.jpg,2016-09-01T13:33:02Z
89,http://www.parlament.ch/f/suche/Pages/biografie.aspx?biografie_id=4096,SZ,Schwyz,N,C,Groupe PDC,Alois,Membre,www.aloisgmuer.ch,4096,Gmür,3001,PDC,Parti démocrate-chrétien suisse,http://www.parlament.ch/SiteCollectionImages/profil/225x225/3001.jpg,2016-08-22T15:46:49Z
90,http://www.parlament.ch/f/suche/Pages/biografie.aspx?biografie_id=4181,LU,Lucerne,N,C,Groupe PDC,Andrea,Membre,www.andrea-gmuer.ch,4181,Gmür-Schönenberger,3075,PDC,Parti démocrate-chrétien suisse,http://www.parlament.ch/SiteCollectionImages/profil/225x225/3075.jpg,2018-01-10T16:55:25Z
91,http://www.parlament.ch/f/suche/Pages/biografie.aspx?biografie_id=4137,GE,Genève,N,V,Groupe de l'Union démocratique du Centre,Roger,Membre,,4137,Golay,3039,MCG,Mouvement Citoyens Genevois,http://www.parlament.ch/SiteCollectionImages/profil/225x225/3039.jpg,2018-01-10T16:43:19Z
92,http://www.parlament.ch/f/suche/Pages/biografie.aspx?biografie_id=4116,SZ,Schwyz,N,RL,Groupe libéral-radical,Petra,Membre,www.petra-goessi.ch,4116,Gössi,3023,PLR,PLR.Les Libéraux-Radicaux,http://www.parlament.ch/SiteCollectionImages/profil/225x225/3023.jpg,2016-05-02T14:04:40Z
93,http://www.parlament.ch/f/suche/Pages/biografie.aspx?biografie_id=3921,LU,Lucerne,S,C,Groupe PDC,Konrad,Membre,www.konradgraber.ch,3921,Graber,2724,PDC,Parti démocrate-chrétien suisse,http://www.parlament.ch/SiteCollectionImages/profil/225x225/2724.jpg,2015-05-17T21:18:19Z
94,http://www.parlament.ch/f/suche/Pages/biografie.aspx?biografie_id=806,BL,Bâle-Campagne,N,G,Groupe des Verts,Maya,Membre,www.mayagraf.ch,806,Graf,2569,PES,Parti écologiste suisse,http://www.parlament.ch/SiteCollectionImages/profil/225x225/2569.jpg,2015-06-09T13:13:33Z
95,http://www.parlament.ch/f/suche/Pages/biografie.aspx?biografie_id=1295,TG,Thurgovie,N,S,Groupe socialiste,Edith,Membre,www.edith-graf.ch,1295,Graf-Litscher,2652,PSS,Parti socialiste suisse,http://www.parlament.ch/SiteCollectionImages/profil/225x225/2652.jpg,2018-02-21T09:29:30Z
96,http://www.parlament.ch/f/suche/Pages/biografie.aspx?biografie_id=3885,VD,Vaud,N,V,Groupe de l'Union démocratique du Centre,Jean-Pierre,Membre,,3885,Grin,2688,UDC,Union Démocratique du Centre,http://www.parlament.ch/SiteCollectionImages/profil/225x225/2688.jpg,2015-05-17T21:18:19Z
97,http://www.parlament.ch/f/suche/Pages/biografie.aspx?biografie_id=4083,BE,Berne,N,GL,Groupe vert'libéral,Jürg,Membre,www.juerg-grossen.ch,4083,Grossen,2786,pvl,Parti vert'libéral,http://www.parlament.ch/SiteCollectionImages/profil/225x225/2786.jpg,2017-11-20T08:23:47Z
98,http://www.parlament.ch/f/suche/Pages/biografie.aspx?biografie_id=3886,BE,Berne,N,BD,Groupe BD,Hans,Membre,,3886,Grunder,2689,PBD,Parti bourgeois-démocratique suisse,http://www.parlament.ch/SiteCollectionImages/profil/225x225/2689.jpg,2018-03-08T16:22:47Z
99,http://www.parlament.ch/f/suche/Pages/biografie.aspx?biografie_id=4162,LU,Lucerne,N,V,Groupe de l'Union démocratique du Centre,Franz,Membre,,4162,Grüter,3076,UDC,Union Démocratique du Centre,http://www.parlament.ch/SiteCollectionImages/profil/225x225/3076.jpg,2018-05-31T09:25:16Z
100,http://www.parlament.ch/f/suche/Pages/biografie.aspx?biografie_id=4087,JU,Jura,N,C,Groupe PDC,Jean-Paul,Membre,,4087,Gschwind,2798,PDC,Parti démocrate-chrétien suisse,http://www.parlament.ch/SiteCollectionImages/profil/225x225/2798.jpg,2015-05-17T21:18:19Z
101,http://www.parlament.ch/f/suche/Pages/biografie.aspx?biografie_id=4214,ZH,Zurich,N,C,Groupe PDC,Niklaus-Samuel,Membre,www.nikgugger.ch,4214,Gugger,3115,PEV,Parti évangélique suisse,http://www.parlament.ch/SiteCollectionImages/profil/225x225/3115.jpg,2018-10-04T16:38:55Z
102,http://www.parlament.ch/f/suche/Pages/biografie.aspx?biografie_id=4082,AG,Argovie,N,BD,Groupe BD,Bernhard,Membre,www.bernhard-guhl.ch,4082,Guhl,2785,PBD,Parti bourgeois-démocratique suisse,http://www.parlament.ch/SiteCollectionImages/profil/225x225/2785.jpg,2019-06-07T08:28:15Z
103,http://www.parlament.ch/f/suche/Pages/biografie.aspx?biografie_id=4216,TG,Thurgovie,N,V,Groupe de l'Union démocratique du Centre,Diana,Membre,www.diana-gutjahr.ch,4216,Gutjahr,3117,UDC,Union Démocratique du Centre,http://www.parlament.ch/SiteCollectionImages/profil/225x225/3117.jpg,2017-10-17T16:33:07Z
104,http://www.parlament.ch/f/suche/Pages/biografie.aspx?biografie_id=4121,SG,St-Gall,N,S,Groupe socialiste,Barbara,Membre,www.barbara-gysi.ch,4121,Gysi,3026,PSS,Parti socialiste suisse,http://www.parlament.ch/SiteCollectionImages/profil/225x225/3026.jpg,2015-05-17T21:18:19Z
105,http://www.parlament.ch/f/suche/Pages/biografie.aspx?biografie_id=4236,ZH,Zurich,N,V,Groupe de l'Union démocratique du Centre,Martin,Membre,www.martinhaab.ch,4236,Haab,3134,UDC,Union Démocratique du Centre,http://www.parlament.ch/SiteCollectionImages/profil/225x225/3134.jpg,2019-05-24T10:56:18Z
106,http://www.parlament.ch/f/suche/Pages/biografie.aspx?biografie_id=1106,TG,Thurgovie,S,C,Groupe PDC,Brigitte,Membre,www.brigitte-haeberli.ch,1106,Häberli-Koller,2600,PDC,Parti démocrate-chrétien suisse,http://www.parlament.ch/SiteCollectionImages/profil/225x225/2600.jpg,2018-10-23T09:07:21Z
107,http://www.parlament.ch/f/suche/Pages/biografie.aspx?biografie_id=4076,SO,Soleure,N,S,Groupe socialiste,Philipp,Membre,www.philipp-hadorn.ch,4076,Hadorn,2792,PSS,Parti socialiste suisse,http://www.parlament.ch/SiteCollectionImages/profil/225x225/2792.jpg,2018-03-13T11:48:21Z
108,http://www.parlament.ch/f/suche/Pages/biografie.aspx?biografie_id=4061,ZH,Zurich,N,S,Groupe socialiste,Thomas,Membre,www.thomashardegger.ch,4061,Hardegger,2763,PSS,Parti socialiste suisse,http://www.parlament.ch/SiteCollectionImages/profil/225x225/2763.jpg,2017-06-15T08:53:29Z
109,http://www.parlament.ch/f/suche/Pages/biografie.aspx?biografie_id=4103,TG,Thurgovie,N,V,Groupe de l'Union démocratique du Centre,Markus,Membre,www.markus-hausammann.ch,4103,Hausammann,3002,UDC,Union Démocratique du Centre,http://www.parlament.ch/SiteCollectionImages/profil/225x225/3002.jpg,2015-05-17T21:18:19Z
110,http://www.parlament.ch/f/suche/Pages/biografie.aspx?biografie_id=3916,JU,Jura,S,S,Groupe socialiste,Claude,Membre,,3916,Hêche,2719,PSS,Parti socialiste suisse,http://www.parlament.ch/SiteCollectionImages/profil/225x225/2719.jpg,2016-06-06T10:40:50Z
111,http://www.parlament.ch/f/suche/Pages/biografie.aspx?biografie_id=3887,ZH,Zurich,N,V,Groupe de l'Union démocratique du Centre,Alfred,Membre,,3887,Heer,2690,UDC,Union Démocratique du Centre,http://www.parlament.ch/SiteCollectionImages/profil/225x225/2690.jpg,2015-11-17T15:28:49Z
112,http://www.parlament.ch/f/suche/Pages/biografie.aspx?biografie_id=4139,GL,Glaris,S,RL,Groupe libéral-radical,Thomas,Membre,www.thomashefti.ch,4139,Hefti,3041,PLR,PLR.Les Libéraux-Radicaux,http://www.parlament.ch/SiteCollectionImages/profil/225x225/3041.jpg,2015-12-08T17:18:58Z
113,http://www.parlament.ch/f/suche/Pages/biografie.aspx?biografie_id=4153,ZG,Zoug,S,C,Groupe PDC,Peter,Membre,www.peter-hegglin.ch,4153,Hegglin,3053,PDC,Parti démocrate-chrétien suisse,http://www.parlament.ch/SiteCollectionImages/profil/225x225/3053.jpg,2018-01-10T16:42:29Z
114,http://www.parlament.ch/f/suche/Pages/biografie.aspx?biografie_id=1156,SO,Soleure,N,S,Groupe socialiste,Bea,Membre,www.bea-heim.ch,1156,Heim,2601,PSS,Parti socialiste suisse,http://www.parlament.ch/SiteCollectionImages/profil/225x225/2601.jpg,2016-04-05T11:09:32Z
115,http://www.parlament.ch/f/suche/Pages/biografie.aspx?biografie_id=4129,TG,Thurgovie,N,V,Groupe de l'Union démocratique du Centre,Verena,Membre,www.verena-herzog.ch,4129,Herzog,3033,UDC,Union Démocratique du Centre,http://www.parlament.ch/SiteCollectionImages/profil/225x225/3033.jpg,2018-08-30T15:38:50Z
116,http://www.parlament.ch/f/suche/Pages/biografie.aspx?biografie_id=4163,BE,Berne,N,V,Groupe de l'Union démocratique du Centre,Erich,Membre,www.erichhess.ch,4163,Hess,3078,UDC,Union Démocratique du Centre,http://www.parlament.ch/SiteCollectionImages/profil/225x225/3078.jpg,2019-01-11T13:55:59Z
117,http://www.parlament.ch/f/suche/Pages/biografie.aspx?biografie_id=4094,BE,Berne,N,BD,Groupe BD,Lorenz,Membre,,4094,Hess,2799,PBD,Parti bourgeois-démocratique suisse,http://www.parlament.ch/SiteCollectionImages/profil/225x225/2799.jpg,2017-02-14T15:29:02Z
118,http://www.parlament.ch/f/suche/Pages/biografie.aspx?biografie_id=3888,GE,Genève,N,RL,Groupe libéral-radical,Hugues,Membre,,3888,Hiltpold,2691,PLR,PLR.Les Libéraux-Radicaux,http://www.parlament.ch/SiteCollectionImages/profil/225x225/2691.jpg,2018-12-05T08:29:22Z
119,http://www.parlament.ch/f/suche/Pages/biografie.aspx?biografie_id=4145,GL,Glaris,S,V,Groupe de l'Union démocratique du Centre,Werner,Membre,,4145,Hösli,3047,UDC,Union Démocratique du Centre,http://www.parlament.ch/SiteCollectionImages/profil/225x225/3047.jpg,2015-05-17T21:18:19Z
120,http://www.parlament.ch/f/suche/Pages/biografie.aspx?biografie_id=1071,AG,Argovie,N,C,Groupe PDC,Ruth,Membre,www.ruthhumbel.ch,1071,Humbel,2580,PDC,Parti démocrate-chrétien suisse,http://www.parlament.ch/SiteCollectionImages/profil/225x225/2580.jpg,2018-08-30T15:38:36Z
121,http://www.parlament.ch/f/suche/Pages/biografie.aspx?biografie_id=3890,SH,Schaffhouse,N,V,Groupe de l'Union démocratique du Centre,Thomas,Membre,www.thomas-hurter.ch,3890,Hurter,2693,UDC,Union Démocratique du Centre,http://www.parlament.ch/SiteCollectionImages/profil/225x225/2693.jpg,2016-06-13T11:45:07Z
122,http://www.parlament.ch/f/suche/Pages/biografie.aspx?biografie_id=4164,SO,Soleure,N,V,Groupe de l'Union démocratique du Centre,Christian,Membre,www.schwarzbuben.ch,4164,Imark,3080,UDC,Union Démocratique du Centre,http://www.parlament.ch/SiteCollectionImages/profil/225x225/3080.jpg,2018-03-14T09:43:57Z
123,http://www.parlament.ch/f/suche/Pages/biografie.aspx?biografie_id=477,BL,Bâle-Campagne,S,S,Groupe socialiste,Claude,Membre,www.janiak.ch,477,Janiak,2501,PSS,Parti socialiste suisse,http://www.parlament.ch/SiteCollectionImages/profil/225x225/2501.jpg,2016-02-03T13:23:37Z
124,http://www.parlament.ch/f/suche/Pages/biografie.aspx?biografie_id=4032,BS,Bâle-Ville,N,S,Groupe socialiste,Beat,Membre,,4032,Jans,2745,PSS,Parti socialiste suisse,http://www.parlament.ch/SiteCollectionImages/profil/225x225/2745.jpg,2016-03-29T11:16:08Z
125,http://www.parlament.ch/f/suche/Pages/biografie.aspx?biografie_id=4208,AG,Argovie,N,RL,Groupe libéral-radical,Matthias Samuel,Membre,www.matthias-jauslin.ch,4208,Jauslin,3109,PLR,PLR.Les Libéraux-Radicaux,http://www.parlament.ch/SiteCollectionImages/profil/225x225/3109.jpg,2018-01-10T17:07:41Z
126,http://www.parlament.ch/f/suche/Pages/biografie.aspx?biografie_id=3891,ZH,Zurich,S,S,Groupe socialiste,Daniel,Membre,www.jositsch.ch,3891,Jositsch,2694,PSS,Parti socialiste suisse,http://www.parlament.ch/SiteCollectionImages/profil/225x225/2694.jpg,2017-06-01T10:47:31Z
127,http://www.parlament.ch/f/suche/Pages/biografie.aspx?biografie_id=4218,AG,Argovie,N,G,Groupe des Verts,Irène,Membre,irenekaelin.ch,4218,Kälin,3119,PES,Parti écologiste suisse,http://www.parlament.ch/SiteCollectionImages/profil/225x225/3119.jpg,2018-11-20T15:53:08Z
128,http://www.parlament.ch/f/suche/Pages/biografie.aspx?biografie_id=4098,NW,Nidwald,N,V,Groupe de l'Union démocratique du Centre,Peter,Membre,www.kellerpeter.ch,4098,Keller,3013,UDC,Union Démocratique du Centre,http://www.parlament.ch/SiteCollectionImages/profil/225x225/3013.jpg,2016-06-13T11:01:33Z
129,http://www.parlament.ch/f/suche/Pages/biografie.aspx?biografie_id=4165,SG,St-Gall,N,V,Groupe de l'Union démocratique du Centre,Barbara,Membre,www.keller-inhelder.ch,4165,Keller-Inhelder,3081,UDC,Union Démocratique du Centre,http://www.parlament.ch/SiteCollectionImages/profil/225x225/3081.jpg,2015-10-30T17:14:05Z
130,http://www.parlament.ch/f/suche/Pages/biografie.aspx?biografie_id=1147,BE,Berne,N,S,Groupe socialiste,Margret,Membre,www.kienernellen.ch,1147,Kiener Nellen,2608,PSS,Parti socialiste suisse,http://www.parlament.ch/SiteCollectionImages/profil/225x225/2608.jpg,2018-01-16T09:29:30Z
131,http://www.parlament.ch/f/suche/Pages/biografie.aspx?biografie_id=4114,AG,Argovie,N,V,Groupe de l'Union démocratique du Centre,Hansjörg,Membre,www.hansjoerg-knecht.ch,4114,Knecht,3021,UDC,Union Démocratique du Centre,http://www.parlament.ch/SiteCollectionImages/profil/225x225/3021.jpg,2015-05-17T21:18:19Z
132,http://www.parlament.ch/f/suche/Pages/biografie.aspx?biografie_id=4166,ZH,Zurich,N,V,Groupe de l'Union démocratique du Centre,Roger,Membre,www.rogerköppel.ch,4166,Köppel,3082,UDC,Union Démocratique du Centre,http://www.parlament.ch/SiteCollectionImages/profil/225x225/3082.jpg,2015-11-20T14:49:26Z
133,http://www.parlament.ch/f/suche/Pages/biografie.aspx?biografie_id=1162,SZ,Schwyz,S,V,Groupe de l'Union démocratique du Centre,Alex,Membre,www.alex-kuprecht.ch,1162,Kuprecht,2641,UDC,Union Démocratique du Centre,http://www.parlament.ch/SiteCollectionImages/profil/225x225/2641.jpg,2015-11-13T14:44:30Z
134,http://www.parlament.ch/f/suche/Pages/biografie.aspx?biografie_id=4225,ZH,Zurich,N,C,Groupe PDC,Philipp,Membre,www.philippkutter.ch,4225,Kutter,3126,PDC,Parti démocrate-chrétien suisse,http://www.parlament.ch/SiteCollectionImages/profil/225x225/3126.jpg,2018-05-31T09:05:12Z
135,http://www.parlament.ch/f/suche/Pages/biografie.aspx?biografie_id=4008,GL,Glaris,N,BD,Groupe BD,Martin,Membre,www.landolt.info,4008,Landolt,2735,PBD,Parti bourgeois-démocratique suisse,http://www.parlament.ch/SiteCollectionImages/profil/225x225/2735.jpg,2015-11-25T08:20:33Z
136,http://www.parlament.ch/f/suche/Pages/biografie.aspx?biografie_id=1150,FR,Fribourg,S,S,Groupe socialiste,Christian,Membre,www.levrat.ch,1150,Levrat,2613,PSS,Parti socialiste suisse,http://www.parlament.ch/SiteCollectionImages/profil/225x225/2613.jpg,2015-11-20T13:50:17Z
137,http://www.parlament.ch/f/suche/Pages/biografie.aspx?biografie_id=4118,TG,Thurgovie,N,C,Groupe PDC,Christian,Membre,www.lohr.ch,4118,Lohr,3024,PDC,Parti démocrate-chrétien suisse,http://www.parlament.ch/SiteCollectionImages/profil/225x225/3024.jpg,2016-09-01T13:31:27Z
138,http://www.parlament.ch/f/suche/Pages/biografie.aspx?biografie_id=540,TI,Tessin,S,C,Groupe PDC,Filippo,Président(e),www.filippolombardi.ch,540,Lombardi,2561,PDC,Parti démocrate-chrétien suisse,http://www.parlament.ch/SiteCollectionImages/profil/225x225/2561.jpg,2019-02-11T09:00:29Z
139,http://www.parlament.ch/f/suche/Pages/biografie.aspx?biografie_id=3918,BE,Berne,S,BD,Groupe BD,Werner,Membre,www.werner-luginbuehl.ch,3918,Luginbühl,2721,PBD,Parti bourgeois-démocratique suisse,http://www.parlament.ch/SiteCollectionImages/profil/225x225/2721.jpg,2017-01-10T08:57:00Z
140,http://www.parlament.ch/f/suche/Pages/biografie.aspx?biografie_id=3895,GE,Genève,N,RL,Groupe libéral-radical,Christian,Membre,www.cms-vep.com,3895,Lüscher,2698,PLR,PLR.Les Libéraux-Radicaux,http://www.parlament.ch/SiteCollectionImages/profil/225x225/2698.jpg,2015-12-03T15:50:14Z
141,http://www.parlament.ch/f/suche/Pages/biografie.aspx?biografie_id=4018,NE,Neuchâtel,N,S,Groupe socialiste,Jacques-André,Membre,www.j-a-maire.ch,4018,Maire,2738,PSS,Parti socialiste suisse,http://www.parlament.ch/SiteCollectionImages/profil/225x225/2738.jpg,2015-10-27T16:58:54Z
142,http://www.parlament.ch/f/suche/Pages/biografie.aspx?biografie_id=4183,VS,Valais,N,C,Groupe PDC,Géraldine,Membre,,4183,Marchand-Balet,3083,PDC,Parti démocrate-chrétien suisse,http://www.parlament.ch/SiteCollectionImages/profil/225x225/3083.jpg,2018-05-15T16:52:05Z
143,http://www.parlament.ch/f/suche/Pages/biografie.aspx?biografie_id=1139,BE,Berne,N,RL,Groupe libéral-radical,Christa,Membre,www.christa-markwalder.ch,1139,Markwalder,2614,PLR,PLR.Les Libéraux-Radicaux,http://www.parlament.ch/SiteCollectionImages/profil/225x225/2614.jpg,2018-06-18T14:12:25Z
144,http://www.parlament.ch/f/suche/Pages/biografie.aspx?biografie_id=3923,VD,Vaud,N,S,Groupe socialiste,Ada,Membre,www.adamarra.blogspot.com,3923,Marra,2726,PSS,Parti socialiste suisse,http://www.parlament.ch/SiteCollectionImages/profil/225x225/2726.jpg,2015-11-24T15:14:37Z
145,http://www.parlament.ch/f/suche/Pages/biografie.aspx?biografie_id=4197,ZH,Zurich,N,S,Groupe socialiste,Min Li,Membre,www.minli-marti.ch,4197,Marti,3084,PSS,Parti socialiste suisse,http://www.parlament.ch/SiteCollectionImages/profil/225x225/3084.jpg,2016-12-06T15:58:15Z
146,http://www.parlament.ch/f/suche/Pages/biografie.aspx?biografie_id=4228,BL,Bâle-Campagne,N,S,Groupe socialiste,Samira,Membre,www.samira-marti.ch,4228,Marti,3129,PSS,Parti socialiste suisse,http://www.parlament.ch/SiteCollectionImages/profil/225x225/3129.jpg,2018-12-05T09:37:26Z
147,http://www.parlament.ch/f/suche/Pages/biografie.aspx?biografie_id=4167,GR,Grisons,N,V,Groupe de l'Union démocratique du Centre,Magdalena,Membre,www.martullo-blocher.ch,4167,Martullo-Blocher,3085,UDC,Union Démocratique du Centre,http://www.parlament.ch/SiteCollectionImages/profil/225x225/3085.jpg,2019-02-07T18:17:56Z
148,http://www.parlament.ch/f/suche/Pages/biografie.aspx?biografie_id=4130,BE,Berne,N,S,Groupe socialiste,Nadine,Membre,www.nadinemasshardt.ch,4130,Masshardt,3034,PSS,Parti socialiste suisse,http://www.parlament.ch/SiteCollectionImages/profil/225x225/3034.jpg,2019-05-23T08:33:56Z
149,http://www.parlament.ch/f/suche/Pages/biografie.aspx?biografie_id=4144,ZH,Zurich,N,V,Groupe de l'Union démocratique du Centre,Thomas,Membre,www.thomasmatter.ch,4144,Matter,3046,UDC,Union Démocratique du Centre,http://www.parlament.ch/SiteCollectionImages/profil/225x225/3046.jpg,2019-04-25T17:00:10Z
150,http://www.parlament.ch/f/suche/Pages/biografie.aspx?biografie_id=341,GE,Genève,S,S,Groupe socialiste,Liliane,Membre,www.maurypasquier.ch,341,Maury Pasquier,2405,PSS,Parti socialiste suisse,http://www.parlament.ch/SiteCollectionImages/profil/225x225/2405.jpg,2018-01-10T16:41:14Z
151,http://www.parlament.ch/f/suche/Pages/biografie.aspx?biografie_id=4186,GE,Genève,N,G,Groupe des Verts,Lisa,Membre,,4186,Mazzone,3086,PES,Parti écologiste suisse,http://www.parlament.ch/SiteCollectionImages/profil/225x225/3086.jpg,2018-07-02T08:07:55Z
152,http://www.parlament.ch/f/suche/Pages/biografie.aspx?biografie_id=4140,TI,Tessin,N,RL,Groupe libéral-radical,Giovanni,Membre,www.giovannimerlini.ch,4140,Merlini,3042,PLR,PLR.Les Libéraux-Radicaux,http://www.parlament.ch/SiteCollectionImages/profil/225x225/3042.jpg,2018-02-21T11:17:00Z
153,http://www.parlament.ch/f/suche/Pages/biografie.aspx?biografie_id=4198,ZH,Zurich,N,S,Groupe socialiste,Mattea,Membre,www.matteameyer.ch,4198,Meyer,3087,PSS,Parti socialiste suisse,http://www.parlament.ch/SiteCollectionImages/profil/225x225/3087.jpg,2019-03-29T14:01:26Z
154,http://www.parlament.ch/f/suche/Pages/biografie.aspx?biografie_id=4112,SH,Schaffhouse,S,V,Groupe de l'Union démocratique du Centre,Thomas,Membre,www.minder.sh,4112,Minder,3019,-,sans parti,http://www.parlament.ch/SiteCollectionImages/profil/225x225/3019.jpg,2017-11-13T09:28:49Z
155,http://www.parlament.ch/f/suche/Pages/biografie.aspx?biografie_id=4223,ZH,Zurich,N,S,Groupe socialiste,Fabian,Membre,www.fabianmolina.ch,4223,Molina,3124,PSS,Parti socialiste suisse,http://www.parlament.ch/SiteCollectionImages/profil/225x225/3124.jpg,2019-05-20T16:40:19Z
156,http://www.parlament.ch/f/suche/Pages/biografie.aspx?biografie_id=1346,VD,Vaud,N,RL,Groupe libéral-radical,Isabelle,Membre,www.isabelle-moret.ch,1346,Moret,2660,PLR,PLR.Les Libéraux-Radicaux,http://www.parlament.ch/SiteCollectionImages/profil/225x225/2660.jpg,2017-08-15T12:06:55Z
157,http://www.parlament.ch/f/suche/Pages/biografie.aspx?biografie_id=3897,ZH,Zurich,N,GL,Groupe vert'libéral,Tiana Angelina,Président(e),www.tianamoser.ch,3897,Moser,2700,pvl,Parti vert'libéral,http://www.parlament.ch/SiteCollectionImages/profil/225x225/2700.jpg,2018-08-30T15:39:00Z
158,http://www.parlament.ch/f/suche/Pages/biografie.aspx?biografie_id=4207,LU,Lucerne,S,RL,Groupe libéral-radical,Damian,Membre,www.damian-mueller.ch,4207,Müller,3108,PLR,PLR.Les Libéraux-Radicaux,http://www.parlament.ch/SiteCollectionImages/profil/225x225/3108.jpg,2018-08-30T15:39:21Z
159,http://www.parlament.ch/f/suche/Pages/biografie.aspx?biografie_id=4097,LU,Lucerne,N,C,Groupe PDC,Leo,Vice-président(e),www.leo-mueller.ch,4097,Müller,3012,PDC,Parti démocrate-chrétien suisse,http://www.parlament.ch/SiteCollectionImages/profil/225x225/3012.jpg,2019-01-11T13:59:49Z
160,http://www.parlament.ch/f/suche/Pages/biografie.aspx?biografie_id=1141,AG,Argovie,S,RL,Groupe libéral-radical,Philipp,Membre,,1141,Müller,2616,PLR,PLR.Les Libéraux-Radicaux,http://www.parlament.ch/SiteCollectionImages/profil/225x225/2616.jpg,2018-05-29T15:13:38Z
161,http://www.parlament.ch/f/suche/Pages/biografie.aspx?biografie_id=1345,SG,St-Gall,N,V,Groupe de l'Union démocratique du Centre,Thomas,Membre,,1345,Müller,2661,UDC,Union Démocratique du Centre,http://www.parlament.ch/SiteCollectionImages/profil/225x225/2661.jpg,2015-12-08T17:29:19Z
162,http://www.parlament.ch/f/suche/Pages/biografie.aspx?biografie_id=1137,SG,St-Gall,N,RL,Groupe libéral-radical,Walter,Membre,www.walter-mueller.ch,1137,Müller,2617,PLR,PLR.Les Libéraux-Radicaux,http://www.parlament.ch/SiteCollectionImages/profil/225x225/2617.jpg,2015-11-03T15:16:45Z
163,http://www.parlament.ch/f/suche/Pages/biografie.aspx?biografie_id=4063,SO,Soleure,N,C,Groupe PDC,Stefan,Membre,www.mueller-altermatt.ch,4063,Müller-Altermatt,2771,PDC,Parti démocrate-chrétien suisse,http://www.parlament.ch/SiteCollectionImages/profil/225x225/2771.jpg,2018-02-21T10:16:18Z
164,http://www.parlament.ch/f/suche/Pages/biografie.aspx?biografie_id=4134,SH,Schaffhouse,N,S,Groupe socialiste,Martina,Membre,www.martinamunz.ch,4134,Munz,3036,PSS,Parti socialiste suisse,http://www.parlament.ch/SiteCollectionImages/profil/225x225/3036.jpg,2015-11-13T14:06:54Z
165,http://www.parlament.ch/f/suche/Pages/biografie.aspx?biografie_id=1111,LU,Lucerne,N,V,Groupe de l'Union démocratique du Centre,Felix,Membre,www.mueri.info,1111,Müri,2618,UDC,Union Démocratique du Centre,http://www.parlament.ch/SiteCollectionImages/profil/225x225/2618.jpg,2018-10-23T09:07:39Z
166,http://www.parlament.ch/f/suche/Pages/biografie.aspx?biografie_id=4106,ZH,Zurich,N,S,Groupe socialiste,Martin,Membre,www.martin-naef.ch,4106,Naef,3018,PSS,Parti socialiste suisse,http://www.parlament.ch/SiteCollectionImages/profil/225x225/3018.jpg,2018-01-11T11:39:24Z
167,http://www.parlament.ch/f/suche/Pages/biografie.aspx?biografie_id=4193,VS,Valais,N,RL,Groupe libéral-radical,Philippe,Membre,www.nantermod.com,4193,Nantermod,3088,PLR,PLR.Les Libéraux-Radicaux,http://www.parlament.ch/SiteCollectionImages/profil/225x225/3088.jpg,2018-08-29T13:43:08Z
168,http://www.parlament.ch/f/suche/Pages/biografie.aspx?biografie_id=4168,VD,Vaud,N,V,Groupe de l'Union démocratique du Centre,Jacques,Membre,,4168,Nicolet,3089,UDC,Union Démocratique du Centre,http://www.parlament.ch/SiteCollectionImages/profil/225x225/3089.jpg,2018-01-10T16:45:12Z
169,http://www.parlament.ch/f/suche/Pages/biografie.aspx?biografie_id=3898,GE,Genève,N,V,Groupe de l'Union démocratique du Centre,Yves,Membre,www.nideggerlaw.ch,3898,Nidegger,2701,UDC,Union Démocratique du Centre,http://www.parlament.ch/SiteCollectionImages/profil/225x225/2701.jpg,2019-03-05T14:05:20Z
170,http://www.parlament.ch/f/suche/Pages/biografie.aspx?biografie_id=1279,VD,Vaud,N,S,Groupe socialiste,Roger,Président(e),www.roger-nordmann.ch,1279,Nordmann,2648,PSS,Parti socialiste suisse,http://www.parlament.ch/SiteCollectionImages/profil/225x225/2648.jpg,2015-11-13T14:49:35Z
171,http://www.parlament.ch/f/suche/Pages/biografie.aspx?biografie_id=1153,ZH,Zurich,S,RL,Groupe libéral-radical,Ruedi,Membre,www.ruedinoser.ch,1153,Noser,2619,PLR,PLR.Les Libéraux-Radicaux,http://www.parlament.ch/SiteCollectionImages/profil/225x225/2619.jpg,2018-02-21T09:28:53Z
172,http://www.parlament.ch/f/suche/Pages/biografie.aspx?biografie_id=3899,BL,Bâle-Campagne,N,S,Groupe socialiste,Eric,Membre,,3899,Nussbaumer,2702,PSS,Parti socialiste suisse,http://www.parlament.ch/SiteCollectionImages/profil/225x225/2702.jpg,2018-10-09T13:38:51Z
173,http://www.parlament.ch/f/suche/Pages/biografie.aspx?biografie_id=4222,SG,St-Gall,N,C,Groupe PDC,Nicolo,Membre,www.nicolo-paganini.ch,4222,Paganini,3123,PDC,Parti démocrate-chrétien suisse,http://www.parlament.ch/SiteCollectionImages/profil/225x225/3123.jpg,2019-03-12T08:52:30Z
174,http://www.parlament.ch/f/suche/Pages/biografie.aspx?biografie_id=4169,FR,Fribourg,N,V,Groupe de l'Union démocratique du Centre,Pierre-André,Membre,www.pierreandrepage.ch,4169,Page,3090,UDC,Union Démocratique du Centre,http://www.parlament.ch/SiteCollectionImages/profil/225x225/3090.jpg,2015-11-05T10:50:49Z
175,http://www.parlament.ch/f/suche/Pages/biografie.aspx?biografie_id=4073,TI,Tessin,N,V,Groupe de l'Union démocratique du Centre,Roberta,Membre,www.robertapantani.ch,4073,Pantani,2773,Lega,Lega dei Ticinesi,http://www.parlament.ch/SiteCollectionImages/profil/225x225/2773.jpg,2019-06-14T09:07:16Z
176,http://www.parlament.ch/f/suche/Pages/biografie.aspx?biografie_id=4045,BE,Berne,N,S,Groupe socialiste,Corrado,Membre,www.pardini.ch,4045,Pardini,2751,PSS,Parti socialiste suisse,http://www.parlament.ch/SiteCollectionImages/profil/225x225/2751.jpg,2018-10-24T08:49:05Z
177,http://www.parlament.ch/f/suche/Pages/biografie.aspx?biografie_id=4084,ZG,Zoug,N,RL,Groupe libéral-radical,Bruno,Membre,www.bruno-pezzatti.ch,4084,Pezzatti,2784,PLR,PLR.Les Libéraux-Radicaux,http://www.parlament.ch/SiteCollectionImages/profil/225x225/2784.jpg,2016-04-05T11:10:55Z
178,http://www.parlament.ch/f/suche/Pages/biografie.aspx?biografie_id=1109,ZG,Zoug,N,C,Groupe PDC,Gerhard,Membre,www.gpfister.ch,1109,Pfister,2623,PDC,Parti démocrate-chrétien suisse,http://www.parlament.ch/SiteCollectionImages/profil/225x225/2623.jpg,2016-05-02T11:52:05Z
179,http://www.parlament.ch/f/suche/Pages/biografie.aspx?biografie_id=4065,BE,Berne,N,V,Groupe de l'Union démocratique du Centre,Nadja,Membre,www.nadja-pieren.ch,4065,Pieren,2781,UDC,Union Démocratique du Centre,http://www.parlament.ch/SiteCollectionImages/profil/225x225/2781.jpg,2015-11-24T15:06:15Z
180,http://www.parlament.ch/f/suche/Pages/biografie.aspx?biografie_id=4109,FR,Fribourg,N,S,Groupe socialiste,Valérie,Membre,www.valerie-piller-carrard.ch,4109,Piller Carrard,3009,PSS,Parti socialiste suisse,http://www.parlament.ch/SiteCollectionImages/profil/225x225/3009.jpg,2018-10-23T12:21:23Z
181,http://www.parlament.ch/f/suche/Pages/biografie.aspx?biografie_id=4141,ZH,Zurich,N,RL,Groupe libéral-radical,Hans-Peter,Membre,www.hanspeter-portmann.ch,4141,Portmann,3043,PLR,PLR.Les Libéraux-Radicaux,http://www.parlament.ch/SiteCollectionImages/profil/225x225/3043.jpg,2015-10-29T17:53:56Z
182,http://www.parlament.ch/f/suche/Pages/biografie.aspx?biografie_id=4066,ZH,Zurich,N,BD,Groupe BD,Rosmarie,Président(e),www.rosmarie-quadranti.ch,4066,Quadranti,2779,PBD,Parti bourgeois-démocratique suisse,http://www.parlament.ch/SiteCollectionImages/profil/225x225/2779.jpg,2019-06-14T08:44:07Z
183,http://www.parlament.ch/f/suche/Pages/biografie.aspx?biografie_id=4046,TI,Tessin,N,V,Groupe de l'Union démocratique du Centre,Lorenzo,Membre,www.lorenzoquadri.ch,4046,Quadri,2752,Lega,Lega dei Ticinesi,http://www.parlament.ch/SiteCollectionImages/profil/225x225/2752.jpg,2017-12-18T11:50:25Z
184,http://www.parlament.ch/f/suche/Pages/biografie.aspx?biografie_id=172,SG,St-Gall,S,S,Groupe socialiste,Paul,Membre,www.paulrechsteiner.ch,172,Rechsteiner,2143,PSS,Parti socialiste suisse,http://www.parlament.ch/SiteCollectionImages/profil/225x225/2143.jpg,2015-05-17T21:18:19Z
185,http://www.parlament.ch/f/suche/Pages/biografie.aspx?biografie_id=4072,TI,Tessin,N,C,Groupe PDC,Fabio,Membre,www.fabioregazzi.ch,4072,Regazzi,2776,PDC,Parti démocrate-chrétien suisse,http://www.parlament.ch/SiteCollectionImages/profil/225x225/2776.jpg,2015-05-17T21:18:19Z
186,http://www.parlament.ch/f/suche/Pages/biografie.aspx?biografie_id=3901,SG,St-Gall,N,V,Groupe de l'Union démocratique du Centre,Lukas,Membre,www.lukas-reimann.ch,3901,Reimann,2704,UDC,Union Démocratique du Centre,http://www.parlament.ch/SiteCollectionImages/profil/225x225/2704.jpg,2018-01-10T16:52:43Z
187,http://www.parlament.ch/f/suche/Pages/biografie.aspx?biografie_id=173,AG,Argovie,N,V,Groupe de l'Union démocratique du Centre,Maximilian,Membre,www.maximilian-reimann.ch,173,Reimann,2147,UDC,Union Démocratique du Centre,http://www.parlament.ch/SiteCollectionImages/profil/225x225/2147.jpg,2018-02-21T08:42:49Z
188,http://www.parlament.ch/f/suche/Pages/biografie.aspx?biografie_id=4091,VS,Valais,N,S,Groupe socialiste,Mathias,Membre,www.mathiasreynard.ch,4091,Reynard,2795,PSS,Parti socialiste suisse,http://www.parlament.ch/SiteCollectionImages/profil/225x225/2795.jpg,2019-06-07T08:28:56Z
189,http://www.parlament.ch/f/suche/Pages/biografie.aspx?biografie_id=4204,VS,Valais,S,C,Groupe PDC,Beat,Membre,www.beat-rieder.ch,4204,Rieder,3105,PDC,Parti démocrate-chrétien suisse,http://www.parlament.ch/SiteCollectionImages/profil/225x225/3105.jpg,2015-11-27T14:24:59Z
190,http://www.parlament.ch/f/suche/Pages/biografie.aspx?biografie_id=502,ZH,Zurich,N,C,Groupe PDC,Kathy,Membre,www.kathyriklin.ch,502,Riklin,2525,PDC,Parti démocrate-chrétien suisse,http://www.parlament.ch/SiteCollectionImages/profil/225x225/2525.jpg,2018-02-21T09:40:40Z
191,http://www.parlament.ch/f/suche/Pages/biografie.aspx?biografie_id=1119,FR,Fribourg,N,V,Groupe de l'Union démocratique du Centre,Jean-François,Membre,,1119,Rime,2627,UDC,Union Démocratique du Centre,http://www.parlament.ch/SiteCollectionImages/profil/225x225/2627.jpg,2018-02-21T09:24:28Z
192,http://www.parlament.ch/f/suche/Pages/biografie.aspx?biografie_id=4052,SG,St-Gall,N,C,Groupe PDC,Markus,Membre,www.markusritter.ch,4052,Ritter,2754,PDC,Parti démocrate-chrétien suisse,http://www.parlament.ch/SiteCollectionImages/profil/225x225/2754.jpg,2015-05-17T21:18:19Z
193,http://www.parlament.ch/f/suche/Pages/biografie.aspx?biografie_id=4232,VD,Vaud,N,S,Groupe socialiste,Nicolas,Membre,,4232,Rochat Fernandez,3133,PSS,Parti socialiste suisse,http://www.parlament.ch/SiteCollectionImages/profil/225x225/3133.jpg,2019-04-25T14:59:22Z
194,http://www.parlament.ch/f/suche/Pages/biografie.aspx?biografie_id=4220,VS,Valais,N,C,Groupe PDC,Benjamin,Membre,www.benjaminpdc.ch,4220,Roduit,3121,PDC,Parti démocrate-chrétien suisse,http://www.parlament.ch/SiteCollectionImages/profil/225x225/3121.jpg,2018-12-13T12:07:26Z
195,http://www.parlament.ch/f/suche/Pages/biografie.aspx?biografie_id=4120,TI,Tessin,N,C,Groupe PDC,Marco,Membre,www.marcoromano.ch,4120,Romano,3025,PDC,Parti démocrate-chrétien suisse,http://www.parlament.ch/SiteCollectionImages/profil/225x225/3025.jpg,2018-02-13T10:53:01Z
196,http://www.parlament.ch/f/suche/Pages/biografie.aspx?biografie_id=4100,BE,Berne,N,V,Groupe de l'Union démocratique du Centre,Albert,Membre,www.albertroesti.ch,4100,Rösti,3010,UDC,Union Démocratique du Centre,http://www.parlament.ch/SiteCollectionImages/profil/225x225/3010.jpg,2019-03-22T15:02:18Z
197,http://www.parlament.ch/f/suche/Pages/biografie.aspx?biografie_id=4170,VS,Valais,N,V,Groupe de l'Union démocratique du Centre,Franz,Membre,www.franz-ruppen.ch,4170,Ruppen,3091,UDC,Union Démocratique du Centre,http://www.parlament.ch/SiteCollectionImages/profil/225x225/3091.jpg,2017-12-12T16:21:00Z
198,http://www.parlament.ch/f/suche/Pages/biografie.aspx?biografie_id=4125,ZH,Zurich,N,V,Groupe de l'Union démocratique du Centre,Gregor,Membre,www.gregor-rutz.ch,4125,Rutz,3030,UDC,Union Démocratique du Centre,http://www.parlament.ch/SiteCollectionImages/profil/225x225/3030.jpg,2019-04-24T09:36:09Z
199,http://www.parlament.ch/f/suche/Pages/biografie.aspx?biografie_id=4095,BE,Berne,N,G,Groupe des Verts,Regula,Membre,www.regularytz.ch,4095,Rytz,3000,PES,Parti écologiste suisse,http://www.parlament.ch/SiteCollectionImages/profil/225x225/3000.jpg,2016-12-21T08:26:43Z
200,http://www.parlament.ch/f/suche/Pages/biografie.aspx?biografie_id=4172,BE,Berne,N,V,Groupe de l'Union démocratique du Centre,Werner,Membre,www.werner-salzmann.ch,4172,Salzmann,3092,UDC,Union Démocratique du Centre,http://www.parlament.ch/SiteCollectionImages/profil/225x225/3092.jpg,2016-11-15T16:03:07Z
201,http://www.parlament.ch/f/suche/Pages/biografie.aspx?biografie_id=4202,ZH,Zurich,N,RL,Groupe libéral-radical,Regine,Membre,www.regine-sauter.ch,4202,Sauter,3103,PLR,PLR.Les Libéraux-Radicaux,http://www.parlament.ch/SiteCollectionImages/profil/225x225/3103.jpg,2019-02-25T07:54:40Z
202,http://www.parlament.ch/f/suche/Pages/biografie.aspx?biografie_id=1148,VD,Vaud,S,S,Groupe socialiste,Géraldine,Membre,,1148,Savary,2629,PSS,Parti socialiste suisse,http://www.parlament.ch/SiteCollectionImages/profil/225x225/2629.jpg,2015-12-08T17:56:16Z
203,http://www.parlament.ch/f/suche/Pages/biografie.aspx?biografie_id=1129,BS,Bâle-Ville,N,S,Groupe socialiste,Silvia,Membre,www.silviaschenker.ch,1129,Schenker,2630,PSS,Parti socialiste suisse,http://www.parlament.ch/SiteCollectionImages/profil/225x225/2630.jpg,2015-11-13T13:43:40Z
204,http://www.parlament.ch/f/suche/Pages/biografie.aspx?biografie_id=4124,LU,Lucerne,N,RL,Groupe libéral-radical,Peter,Membre,www.peter-schilliger.ch,4124,Schilliger,3029,PLR,PLR.Les Libéraux-Radicaux,http://www.parlament.ch/SiteCollectionImages/profil/225x225/3029.jpg,2018-01-10T16:55:04Z
205,http://www.parlament.ch/f/suche/Pages/biografie.aspx?biografie_id=4234,ZH,Zurich,N,V,Groupe de l'Union démocratique du Centre,Therese,Membre,www.therese-schlaepfer.ch,4234,Schläpfer,3135,UDC,Union Démocratique du Centre,http://www.parlament.ch/SiteCollectionImages/profil/225x225/3135.jpg,2019-05-22T17:13:25Z
206,http://www.parlament.ch/f/suche/Pages/biografie.aspx?biografie_id=4078,GR,Grisons,S,RL,Groupe libéral-radical,Martin,Membre,www.kunzschmid.ch,4078,Schmid,2783,PLR,PLR.Les Libéraux-Radicaux,http://www.parlament.ch/SiteCollectionImages/profil/225x225/2783.jpg,2015-11-17T15:48:04Z
207,http://www.parlament.ch/f/suche/Pages/biografie.aspx?biografie_id=4060,BL,Bâle-Campagne,N,RL,Groupe libéral-radical,Daniela,Membre,www.danielaschneeberger.ch,4060,Schneeberger,2766,PLR,PLR.Les Libéraux-Radicaux,http://www.parlament.ch/SiteCollectionImages/profil/225x225/2766.jpg,2016-11-01T11:54:56Z
208,http://www.parlament.ch/f/suche/Pages/biografie.aspx?biografie_id=4123,FR,Fribourg,N,S,Groupe socialiste,Ursula,Membre,www.ursulaschneider.ch,4123,Schneider Schüttel,3028,PSS,Parti socialiste suisse,http://www.parlament.ch/SiteCollectionImages/profil/225x225/3028.jpg,2018-02-21T11:15:36Z
209,http://www.parlament.ch/f/suche/Pages/biografie.aspx?biografie_id=4040,BL,Bâle-Campagne,N,C,Groupe PDC,Elisabeth,Membre,www.elisabethschneider.ch,4040,Schneider-Schneiter,2748,PDC,Parti démocrate-chrétien suisse,http://www.parlament.ch/SiteCollectionImages/profil/225x225/2748.jpg,2017-04-03T08:51:37Z
210,http://www.parlament.ch/f/suche/Pages/biografie.aspx?biografie_id=1159,SZ,Schwyz,N,V,Groupe de l'Union démocratique du Centre,Pirmin,Membre,www.pirmin-schwander.ch,1159,Schwander,2631,UDC,Union Démocratique du Centre,http://www.parlament.ch/SiteCollectionImages/profil/225x225/2631.jpg,2015-11-12T17:46:50Z
211,http://www.parlament.ch/f/suche/Pages/biografie.aspx?biografie_id=4199,ZH,Zurich,N,S,Groupe socialiste,Priska,Membre,www.priskaseilergraf.ch,4199,Seiler Graf,3094,PSS,Parti socialiste suisse,http://www.parlament.ch/SiteCollectionImages/profil/225x225/3094.jpg,2018-03-15T09:37:05Z
212,http://www.parlament.ch/f/suche/Pages/biografie.aspx?biografie_id=354,GR,Grisons,N,S,Groupe socialiste,Silva,Membre,www.silvasemadeni.ch,354,Semadeni,2417,PSS,Parti socialiste suisse,http://www.parlament.ch/SiteCollectionImages/profil/225x225/2417.jpg,2018-02-21T11:14:15Z
213,http://www.parlament.ch/f/suche/Pages/biografie.aspx?biografie_id=3920,JU,Jura,S,C,Groupe PDC,Anne,Membre,,3920,Seydoux-Christe,2723,PDC,Parti démocrate-chrétien suisse,http://www.parlament.ch/SiteCollectionImages/profil/225x225/2723.jpg,2016-02-01T11:32:54Z
214,http://www.parlament.ch/f/suche/Pages/biografie.aspx?biografie_id=4146,BE,Berne,N,BD,Groupe BD,Heinz,Membre,www.heinzsiegenthaler.ch,4146,Siegenthaler,3048,PBD,Parti bourgeois-démocratique suisse,http://www.parlament.ch/SiteCollectionImages/profil/225x225/3048.jpg,2017-08-28T11:39:04Z
215,http://www.parlament.ch/f/suche/Pages/biografie.aspx?biografie_id=4173,BL,Bâle-Campagne,N,V,Groupe de l'Union démocratique du Centre,Sandra,Membre,,4173,Sollberger,3095,UDC,Union Démocratique du Centre,http://www.parlament.ch/SiteCollectionImages/profil/225x225/3095.jpg,2016-11-21T09:31:20Z
216,http://www.parlament.ch/f/suche/Pages/biografie.aspx?biografie_id=1120,GE,Genève,N,S,Groupe socialiste,Carlo,Membre,www.carlosommaruga.ch,1120,Sommaruga,2632,PSS,Parti socialiste suisse,http://www.parlament.ch/SiteCollectionImages/profil/225x225/2632.jpg,2017-11-02T11:05:43Z
217,http://www.parlament.ch/f/suche/Pages/biografie.aspx?biografie_id=214,AG,Argovie,N,V,Groupe de l'Union démocratique du Centre,Luzi,Membre,www.luzi-stamm.ch,214,Stamm,2323,UDC,Union Démocratique du Centre,http://www.parlament.ch/SiteCollectionImages/profil/225x225/2323.jpg,2015-05-17T21:18:19Z
218,http://www.parlament.ch/f/suche/Pages/biografie.aspx?biografie_id=4174,ZH,Zurich,N,V,Groupe de l'Union démocratique du Centre,Barbara,Membre,,4174,Steinemann,3096,UDC,Union Démocratique du Centre,http://www.parlament.ch/SiteCollectionImages/profil/225x225/3096.jpg,2016-09-29T08:45:41Z
219,http://www.parlament.ch/f/suche/Pages/biografie.aspx?biografie_id=1267,BE,Berne,S,S,Groupe socialiste,Hans,Membre,www.hansstoeckli.ch,1267,Stöckli,2647,PSS,Parti socialiste suisse,http://www.parlament.ch/SiteCollectionImages/profil/225x225/2647.jpg,2016-11-09T13:04:48Z
220,http://www.parlament.ch/f/suche/Pages/biografie.aspx?biografie_id=4036,BE,Berne,N,C,Groupe PDC,Marianne,Membre,www.marianne-streiff.ch,4036,Streiff-Feller,2747,PEV,Parti évangélique suisse,http://www.parlament.ch/SiteCollectionImages/profil/225x225/2747.jpg,2015-11-17T17:20:48Z
221,http://www.parlament.ch/f/suche/Pages/biografie.aspx?biografie_id=3907,VD,Vaud,N,G,Groupe des Verts,Adèle,Membre,www.adelethorens.ch,3907,Thorens Goumaz,2710,PES,Parti écologiste suisse,http://www.parlament.ch/SiteCollectionImages/profil/225x225/2710.jpg,2018-11-14T13:59:54Z
222,http://www.parlament.ch/f/suche/Pages/biografie.aspx?biografie_id=4221,LU,Lucerne,N,G,Groupe des Verts,Michael,Membre,www.michael-toengi.ch,4221,Töngi,3122,PES,Parti écologiste suisse,http://www.parlament.ch/SiteCollectionImages/profil/225x225/3122.jpg,2018-02-09T08:41:19Z
223,http://www.parlament.ch/f/suche/Pages/biografie.aspx?biografie_id=4113,GE,Genève,N,S,Groupe socialiste,Manuel,Membre,www.manueltornare.ch,4113,Tornare,3007,PSS,Parti socialiste suisse,http://www.parlament.ch/SiteCollectionImages/profil/225x225/3007.jpg,2016-02-02T15:38:52Z
224,http://www.parlament.ch/f/suche/Pages/biografie.aspx?biografie_id=4128,BE,Berne,N,G,Groupe des Verts,Aline,Membre,www.alinetrede.ch,4128,Trede,3032,PES,Parti écologiste suisse,http://www.parlament.ch/SiteCollectionImages/profil/225x225/3032.jpg,2018-05-25T18:25:25Z
225,http://www.parlament.ch/f/suche/Pages/biografie.aspx?biografie_id=4175,ZH,Zurich,N,V,Groupe de l'Union démocratique du Centre,Mauro,Membre,www.mauro-tuena.ch,4175,Tuena,3097,UDC,Union Démocratique du Centre,http://www.parlament.ch/SiteCollectionImages/profil/225x225/3097.jpg,2016-07-11T10:48:43Z
226,http://www.parlament.ch/f/suche/Pages/biografie.aspx?biografie_id=4054,LU,Lucerne,N,RL,Groupe libéral-radical,Albert,Membre,www.albert-vitali.ch,4054,Vitali,2761,PLR,PLR.Les Libéraux-Radicaux,http://www.parlament.ch/SiteCollectionImages/profil/225x225/2761.jpg,2016-06-13T11:01:16Z
227,http://www.parlament.ch/f/suche/Pages/biografie.aspx?biografie_id=4085,OW,Obwald,N,C,Groupe PDC,Karl,Membre,www.karlvogler.ch,4085,Vogler,2787,csp-ow,Christlich-soziale Partei Obwalden,http://www.parlament.ch/SiteCollectionImages/profil/225x225/2787.jpg,2015-11-18T15:35:00Z
228,http://www.parlament.ch/f/suche/Pages/biografie.aspx?biografie_id=4176,ZH,Zurich,N,V,Groupe de l'Union démocratique du Centre,Hans-Ueli,Membre,www.hansuelivogt.ch,4176,Vogt,3098,UDC,Union Démocratique du Centre,http://www.parlament.ch/SiteCollectionImages/profil/225x225/3098.jpg,2016-02-01T11:16:24Z
229,http://www.parlament.ch/f/suche/Pages/biografie.aspx?biografie_id=3910,BE,Berne,N,V,Groupe de l'Union démocratique du Centre,Erich,Membre,www.erichv7thal.ch,3910,von Siebenthal,2713,UDC,Union Démocratique du Centre,http://www.parlament.ch/SiteCollectionImages/profil/225x225/2713.jpg,2018-01-11T11:40:31Z
230,http://www.parlament.ch/f/suche/Pages/biografie.aspx?biografie_id=4205,FR,Fribourg,S,C,Groupe PDC,Beat,Membre,www.beat-vonlanthen.ch,4205,Vonlanthen,3106,PDC,Parti démocrate-chrétien suisse,http://www.parlament.ch/SiteCollectionImages/profil/225x225/3106.jpg,2018-04-17T11:38:07Z
231,http://www.parlament.ch/f/suche/Pages/biografie.aspx?biografie_id=4177,ZH,Zurich,N,V,Groupe de l'Union démocratique du Centre,Bruno,Membre,www.brunowalliser.ch,4177,Walliser,3099,UDC,Union Démocratique du Centre,http://www.parlament.ch/SiteCollectionImages/profil/225x225/3099.jpg,2019-05-14T16:00:42Z
232,http://www.parlament.ch/f/suche/Pages/biografie.aspx?biografie_id=4142,ZH,Zurich,N,RL,Groupe libéral-radical,Beat,Président(e),www.beatwalti.ch,4142,Walti,3044,PLR,PLR.Les Libéraux-Radicaux,http://www.parlament.ch/SiteCollectionImages/profil/225x225/3044.jpg,2015-11-17T15:03:14Z
233,http://www.parlament.ch/f/suche/Pages/biografie.aspx?biografie_id=3912,BE,Berne,N,RL,Groupe libéral-radical,Christian,Membre,www.wasserfallen.news,3912,Wasserfallen,2715,PLR,PLR.Les Libéraux-Radicaux,http://www.parlament.ch/SiteCollectionImages/profil/225x225/2715.jpg,2016-08-15T09:12:20Z
234,http://www.parlament.ch/f/suche/Pages/biografie.aspx?biografie_id=4224,BE,Berne,N,S,Groupe socialiste,Flavia,Membre,www.flaviawasserfallen.ch,4224,Wasserfallen,3125,PSS,Parti socialiste suisse,http://www.parlament.ch/SiteCollectionImages/profil/225x225/3125.jpg,2018-05-24T10:23:30Z
235,http://www.parlament.ch/f/suche/Pages/biografie.aspx?biografie_id=4194,VD,Vaud,N,RL,Groupe libéral-radical,Laurent,Membre,www.laurentwehrli.com,4194,Wehrli,3100,PLR,PLR.Les Libéraux-Radicaux,http://www.parlament.ch/SiteCollectionImages/profil/225x225/3100.jpg,2018-07-04T11:05:20Z
236,http://www.parlament.ch/f/suche/Pages/biografie.aspx?biografie_id=3931,ZH,Zurich,N,GL,Groupe vert'libéral,Thomas,Membre,www.glpweibel.ch,3931,Weibel,2728,pvl,Parti vert'libéral,http://www.parlament.ch/SiteCollectionImages/profil/225x225/2728.jpg,2016-04-05T11:11:10Z
237,http://www.parlament.ch/f/suche/Pages/biografie.aspx?biografie_id=4057,AG,Argovie,N,S,Groupe socialiste,Cédric,Membre,www.cedricwermuth.ch,4057,Wermuth,2759,PSS,Parti socialiste suisse,http://www.parlament.ch/SiteCollectionImages/profil/225x225/2759.jpg,2019-01-11T08:30:34Z
238,http://www.parlament.ch/f/suche/Pages/biografie.aspx?biografie_id=4152,NW,Nidwald,S,RL,Groupe libéral-radical,Hans,Membre,www.wickihans.ch,4152,Wicki,3054,PLR,PLR.Les Libéraux-Radicaux,http://www.parlament.ch/SiteCollectionImages/profil/225x225/3054.jpg,2017-07-27T10:40:46Z
239,http://www.parlament.ch/f/suche/Pages/biografie.aspx?biografie_id=1142,SO,Soleure,N,V,Groupe de l'Union démocratique du Centre,Walter,Membre,www.walter-wobmann.ch,1142,Wobmann,2638,UDC,Union Démocratique du Centre,http://www.parlament.ch/SiteCollectionImages/profil/225x225/2638.jpg,2018-01-10T16:53:57Z
240,http://www.parlament.ch/f/suche/Pages/biografie.aspx?biografie_id=4237,SG,St-Gall,S,C,Groupe PDC,Benedikt,Membre,,4237,Würth,3136,PDC,Parti démocrate-chrétien suisse,http://www.parlament.ch/SiteCollectionImages/profil/225x225/3136.jpg,2019-06-12T08:57:05Z
241,http://www.parlament.ch/f/suche/Pages/biografie.aspx?biografie_id=4226,BE,Berne,N,S,Groupe socialiste,Adrian,Membre,www.adrianwuethrich.ch,4226,Wüthrich,3127,PSS,Parti socialiste suisse,http://www.parlament.ch/SiteCollectionImages/profil/225x225/3127.jpg,2018-05-24T10:57:19Z
242,http://www.parlament.ch/f/suche/Pages/biografie.aspx?biografie_id=4178,ZH,Zurich,N,V,Groupe de l'Union démocratique du Centre,Claudio,Membre,www.zanetti.ch,4178,Zanetti,3101,UDC,Union Démocratique du Centre,http://www.parlament.ch/SiteCollectionImages/profil/225x225/3101.jpg,2015-10-29T17:31:42Z
243,http://www.parlament.ch/f/suche/Pages/biografie.aspx?biografie_id=525,SO,Soleure,S,S,Groupe socialiste,Roberto,Membre,www.robertozanetti.ch,525,Zanetti,2546,PSS,Parti socialiste suisse,http://www.parlament.ch/SiteCollectionImages/profil/225x225/2546.jpg,2017-11-28T09:38:31Z
244,http://www.parlament.ch/f/suche/Pages/biografie.aspx?biografie_id=4179,AR,Appenzell Rh.-Ext.,N,V,Groupe de l'Union démocratique du Centre,David,Membre,www.david-zuberbuehler.ch,4179,Zuberbühler,3102,UDC,Union Démocratique du Centre,http://www.parlament.ch/SiteCollectionImages/profil/225x225/3102.jpg,2018-12-19T17:04:15Z
